<?xml version="1.0" encoding="UTF-8"?>
<Configuration status="WARN">

	<Properties>
		<Property name="basePath">./logs</Property>
	</Properties>
	<Appenders>
		<RollingFile name="File" fileName="${basePath}/prints.log"
			filePattern="${LOG_DIR}/application.%d{dd-MMM-hh}.log.gz">
			<PatternLayout
				pattern="%d{HH:mm:ss.SSS} [%t] %-5level %logger{36} - %msg%n" />
			<SizeBasedTriggeringPolicy size="500 KB"/>
		</RollingFile>

		<Console name="Console" target="SYSTEM_OUT">
			<PatternLayout
				pattern="%d{HH:mm:ss.SSS} [%t] %-5level %logger{36} - %msg%n" />
		</Console>
	</Appenders>
	<Loggers>
		<Logger name="alpha.Demo1" level="error" additivity="false">
			<AppenderRef ref="File" />
		</Logger>
		<Root level="trace">
			<AppenderRef ref="Console" />
		</Root>
	</Loggers>
</Configuration>