<?xml version="1.0" encoding="UTF-8"?>
<!DOCTYPE suite SYSTEM "https://testng.org/testng-1.0.dtd">
<suite name="Loan Department" parallel= "tests" thread-count="6">
	<test name="Personal Loan" parallel="classes" thread-count="2">
	<parameter name="URL" value="qaclickacademy.com" />
		<classes>
		
			<class name="framework.Demo1" />
		  	<class name="framework.Demo2">               
				<methods>
					<exclude name="demo.*" />
				</methods>  
			</class> 
	  </classes>
	</test>
	<!-- <test name="Car Loan">
		<classes>
			<class name="framework.Demo3">
				<methods>
					<exclude name="demo2" />
				</methods>
			</class>
		</classes>
	</test> -->
</suite> 
