<?xml version="1.0" encoding="UTF-8"?>
<!DOCTYPE suite SYSTEM "https://testng.org/testng-1.0.dtd">
<suite name="Loan Department">

	<listeners>
		<listener class-name="framework.Listeners" />
	</listeners>

	<parameter name="URL" value="qaclickacademy.com" />

	<test name="Regression">
		<parameter name="Key" value="APIKEY" />
		<parameter name="Value" value="1234" />

		<classes>
			<class name="framework.Demo1" />
			<class name="framework.Demo3" />
		</classes>
	</test>

	<test name="Smoke">
		<parameter name="Key" value="ValuePair" />
		<classes>
			<class name="framework.Demo2" />
		</classes>
	</test>
	
	
	

</suite> 
