<?xml version="1.0" encoding="UTF-8"?>
<!DOCTYPE suite SYSTEM "https://testng.org/testng-1.0.dtd">
<suite name="Suite" parallel="tests"> 
	<!--  <parameter name="browser" value="edge" />   -->		 <!-- when put here it is for suite level -->

	<listeners>
		<listener class-name="utils.Listeners" />
	</listeners>
	
	<!-- <test name="NykaaFullPackageRun"> <parameter name="Label" value="Sign 
		in" /> <packages> <package name="Tests" /> </packages> </test> -->
 
	  <test thread-count="5" name="NykaaTests1">
		<parameter name="browser" value="chrome" /> 
		<classes> 
 		 	  <class name="Tests.GiftCardsTest" />   	
				<!-- <class name="Tests.HairTest">
				<methods>
					<exclude name="goToCart" />
				</methods>
				</class>  -->  
		</classes>
	</test>    
	
 	  <!-- <test thread-count="6" name="NykaaTests2" >
	<parameter name="browser" value="edge" />
	<parameter name="Label" value="Sign in" /> 
		<classes> 
			   <class name="Tests.StoreEventsTest" /> 
			 <class name="Tests.SkinTest">
				<methods>
					<include name="GoToSkinCategory" />
					<include name="ApplyFilters" />
					<include name="AddToWishlist" />
				</methods>
			</class> 
		</classes>
	</test>   -->

</suite> <!-- Suite -->
