<?xml version="1.0" encoding="UTF-8"?>
<!DOCTYPE suite SYSTEM "https://testng.org/testng-1.0.dtd">
<suite name="Suite">
 	<parameter name="browser" value="edge" /> 			 <!--  when put here it is for suite level -->
	<listeners>
		<listener class-name="Tests.GiftCardsTest" />
	</listeners>
	
	  <test thread-count="5" name="NykaaTests">
		<parameter name="Label" value="Sign in" /> 
		
		<classes>
			<class name="Tests.StoreEventsTest" />
			 <class name="Tests.GiftCardsTest" /> 
			  <class name="Tests.SkinTest">
				<methods>
					<include name="GoToSkinCategory" />
					<include name="ApplyFilters" />
					<include name="AddToWishlist" />
				</methods>
			</class>
			 <class name="Tests.HairTest" />   
		</classes>
		
	</test>   <!-- Test -->
	
	
	<!--  <test name="NykaaFullPackageRun">
	<parameter name="Label" value="Sign in" />		  
		<packages>
			<package name="Tests" />
		</packages>
	 </test> --> 
	 
</suite> <!-- Suite -->
