<?xml version="1.0" encoding="UTF-8"?>
<!DOCTYPE suite SYSTEM "https://testng.org/testng-1.0.dtd">
<suite name="Suite">
	<test thread-count="5" name="GCTest">
		<!--  <parameter name="browser" value="edge" />	-->
		<classes>
			<class name="Tests.GiftCardsTest">
			</class>
		</classes>
	</test> <!-- Test -->
	<test thread-count="5" name="SkinTest">
		<!--  <parameter name="browser" value="edge" />	-->
		<classes>
			<class name="Tests.SkinTest">
			</class>
		</classes>
	</test> <!-- Test -->
</suite> <!-- Suite -->
